MaterialID,MaterialNameCN,Category,Total Demand Qty,Available Inventory Qty,On-Time Committed Qty,Supply Gap Qty,Supply Coverage %,Material DOS,OpenPOQty,TotalCommittedQty_RAW,UncommittedPOQty,SupplierCount,SupplierName,LeadTimeDays,CommonSKUCount
4X77A77033,64GB DDR5 4800MHz 2Rx4 9x4 RDIMM,Memory,2560,1000,1066,494,80.7%,46.9,1188,1066,122,1,供应商A（内存模组）,35,1
4X77B02481,96GB DDR5 6400MHz RDIMM,Memory,2128,859,890,379,82.2%,57.5,944,890,54,1,供应商A（内存模组）,35,2
4XB7A17130,3.2TB U.2 P5620 NVMe热插拔SSD,Storage,1280,509,562,209,83.7%,47.7,593,562,31,1,Solidigm,42,1
REF-SR650V3-BLL6,2U V3高性能风扇模块,Cooling,960,528,230,202,79.0%,66.0,252,230,22,1,供应商A（散热/风扇）,35,1
CPU-INTEL-XEON-6448Y,Intel Xeon Gold 6448Y处理器,CPU & Thermal,320,117,103,100,68.8%,43.9,115,103,12,1,Intel Corporation,56,1
CPU-INTEL-XEON-6767P,Intel Xeon 6767P 64核 350W 2.4GHz处理器,CPU & Thermal,296,60,146,90,69.6%,32.1,179,146,33,1,Intel Corporation,56,3
IC-ASPEED-AST2600,ASPEED AST2600 BMC管理芯片,Board-level Critical IC,308,76,150,82,73.4%,33.5,205,150,55,1,ASPEED Technology,70,4
4X67B15575,沐曦 Metax N300 48GB PCIe Gen5被动式GPU,GPU & Accelerator,208,31,97,80,61.5%,29.1,127,97,30,1,MetaX / 沐曦,90,1
4XB7A99327,960GB M.2 SSSTC PJ1 NVMe PCIe4 SSD,Storage,266,110,99,57,78.6%,58.9,106,99,7,1,SSSTC,42,2
4P57A89417,3200W热插拔交流电源,Power,120,56,37,27,77.5%,N/A,39,37,2,1,供应商A（电源）,42,1
4XC7A76525,Emulex LPe35002 32Gb 双口FC HBA,PCIe & Network,133,63,51,19,85.7%,67.5,52,51,1,1,Broadcom / Emulex,56,2
REF-SR680AV4-CBAG,NVIDIA HGX B300 NVL8 1100W 8-GPU板,GPU & Accelerator,15,3,7,5,66.7%,N/A,10,7,3,1,NVIDIA Corporation,120,1
