MaterialID,MaterialNameCN,Category,Total Demand Qty,Available Inventory Qty,On-Time Committed Qty,Supply Gap Qty,Supply Coverage %,Material DOS
4P57A78362,1800W白金热插拔电源,Power,320,175,145,0,100.0%,65.625
4P57A89417,3200W热插拔交流电源,Power,120,56,37,27,77.5%,
4P57B08777,长城 CRPS3200TW 3200W 钛金热插拔电源,Power,214,106,108,0,100.0%,66.25
4P57B18704,长城 CRPS3200TW 3200W 钛金热插拔电源,Power,208,111,97,0,100.0%,104.0625
4X67B15575,沐曦 Metax N300 48GB PCIe Gen5被动式GPU,GPU & Accelerator,208,31,97,80,61.5%,29.0625
4X77A77033,64GB DDR5 4800MHz 2Rx4 9x4 RDIMM,Memory,2560,1000,1066,494,80.7%,46.875
4X77A90997,ThinkSystem 96GB TruDDR5 6400MHz RDIMM,Memory,480,161,319,0,100.0%,
4X77B02481,96GB DDR5 6400MHz RDIMM,Memory,2128,859,890,379,82.2%,57.52232142857143
4X97B17263,WA5680 G5 N300 GPU使能套件（8卡）,GPU & Accelerator,26,13,13,0,100.0%,97.5
4XB7A13999,M.2 7450 PRO 960GB NVMe PCIe4 SSD,Storage,15,5,10,0,100.0%,
4XB7A17130,3.2TB U.2 P5620 NVMe热插拔SSD,Storage,1280,509,562,209,83.7%,47.71875
4XB7A93099,2.5英寸 U.2 PM9D5a 3.2TB NVMe PCIe5热插拔SSD,Storage,60,24,36,0,100.0%,
4XB7A99327,960GB M.2 SSSTC PJ1 NVMe PCIe4 SSD,Storage,266,110,99,57,78.6%,58.92857142857143
4XB7B01618,2.5英寸 U.2 Solidigm PS1030 3.2TB NVMe热插拔SSD,Storage,856,448,408,0,100.0%,70
4XC7A08295,Intel E810-DA2双口10/25GbE SFP28 PCIe网卡,PCIe & Network,160,67,93,0,100.0%,50.25
4XC7A76525,Emulex LPe35002 32Gb 双口FC HBA,PCIe & Network,133,63,51,19,85.7%,67.5
4XC7A80266,Intel X710-T2L双口10G网卡,PCIe & Network,15,7,8,0,100.0%,
4XC7A96568,NVIDIA BlueField-3 B3240 双口400G,PCIe & Network,15,4,11,0,100.0%,
4XF7B05029,WR5220 G5 2U 8056风扇模块,Cooling,428,184,244,0,100.0%,57.5
4XF7B05073,WR5220 G5 Riser1C Gen5 x16/x8/x8,PCIe & Network,107,68,39,0,100.0%,85
4XF7B05074,WR5220 G5 Riser2C Gen5 x16/x8/x8,PCIe & Network,107,45,62,0,100.0%,56.25
4XH7B17287,8×2.5 AnyBay SAS4/PCIe5背板,Storage,26,10,16,0,100.0%,75
4Y37B09898,M.2 RAID B550i-2i使能套件,Storage,26,11,15,0,100.0%,82.5
CPU-INTEL-XEON-6448Y,Intel Xeon Gold 6448Y处理器,CPU & Thermal,320,117,103,100,68.8%,43.875
CPU-INTEL-XEON-6767P,Intel Xeon 6767P 64核 350W 2.4GHz处理器,CPU & Thermal,296,60,146,90,69.6%,32.14285714285714
IC-ASPEED-AST2600,ASPEED AST2600 BMC管理芯片,Board-level Critical IC,308,76,150,82,73.4%,33.529411764705884
REF-SR650V3-B8LU,8×2.5 SAS/SATA背板,Storage,160,97,63,0,100.0%,72.75
REF-SR650V3-BETS,存储控制器至前置BP1线缆,Cable Assemblies,160,58,102,0,100.0%,43.5
REF-SR650V3-BH8D,8×2.5 NVMe背板,Storage,160,60,100,0,100.0%,45
REF-SR650V3-BLKK,2U 24×2.5英寸机箱总成,Chassis & Mechanical,160,87,73,0,100.0%,65.25
REF-SR650V3-BLKM,PCIe Gen4 Riser组件,PCIe & Network,320,182,138,0,100.0%,68.25
REF-SR650V3-BLL6,2U V3高性能风扇模块,Cooling,960,528,230,202,79.0%,66
REF-SR650V3-BM8X,双M.2使能套件,Storage,160,73,87,0,100.0%,54.75
REF-SR650V3-BPE3,MCIO到Slimline PCIe4线缆,Signal & Cable,320,98,222,0,100.0%,36.75
REF-SR650V3-BQ20,960GB M.2 SATA启动SSD,Storage,320,108,212,0,100.0%,40.5
REF-SR650V3-BRQ1,SR650 V3 M.2 SATA线缆,Cable Assemblies,160,77,83,0,100.0%,57.75
REF-SR650V3-BSYM,SR650 V3 主板至背板PCIe4线缆,Cable Assemblies,160,95,65,0,100.0%,71.25
REF-SR680AV4-A4AA,重型导轨套件,Mechanical,15,9,6,0,100.0%,
REF-SR680AV4-AUMY,安装提手套件,Mechanical,15,9,6,0,100.0%,
REF-SR680AV4-BAVU,操作诊断面板,Management,15,7,8,0,100.0%,
REF-SR680AV4-C0JJ,M.2 RAID B540p-2HS适配器,Storage,15,9,6,0,100.0%,
REF-SR680AV4-C1FG,后置GPU子系统双转子风扇模块,Cooling,225,80,145,0,100.0%,
REF-SR680AV4-C1LJ,M.2转接板,Storage,15,8,7,0,100.0%,
REF-SR680AV4-C1LL,M.2硬盘托架,Storage,30,9,21,0,100.0%,
REF-SR680AV4-C26Z,CPU固定夹,CPU & Thermal,30,18,12,0,100.0%,
REF-SR680AV4-C46P,2U V4 8×2.5 NVMe背板,Storage,15,7,8,0,100.0%,
REF-SR680AV4-C9JR,前置双转子风扇模块,Cooling,90,30,60,0,100.0%,
REF-SR680AV4-CB9H,系统主板总成,System Board,15,6,9,0,100.0%,
REF-SR680AV4-CB9J,CFF V5电源接口板,Power,15,7,8,0,100.0%,
REF-SR680AV4-CB9N,SR680a V4 OSFP网络卡,PCIe & Network,30,13,17,0,100.0%,
REF-SR680AV4-CB9P,CPU风扇板,Cooling,15,9,6,0,100.0%,
REF-SR680AV4-CB9Q,2个144-lane交换芯片的PCIe交换板,PCIe & Network,15,7,8,0,100.0%,
REF-SR680AV4-CB9S,柔性印刷连接线,Signal & Cable,15,7,8,0,100.0%,
REF-SR680AV4-CB9T,8盘背板支架,Storage,15,6,9,0,100.0%,
REF-SR680AV4-CBA1,OCP转接板,PCIe & Network,15,7,8,0,100.0%,
REF-SR680AV4-CBA2,GPU风扇控制板,Cooling,45,21,24,0,100.0%,
REF-SR680AV4-CBA3,ThinkSystem SR680a V4 PCIe Retimer卡,PCIe & Network,15,7,8,0,100.0%,
REF-SR680AV4-CBA4,12V电源配电板,Power,15,9,6,0,100.0%,
REF-SR680AV4-CBA8,背板信号线,Signal & Cable,15,6,9,0,100.0%,
REF-SR680AV4-CBA9,背板电源线,Signal & Cable,15,7,8,0,100.0%,
REF-SR680AV4-CBAA,M.2线缆总成,Signal & Cable,15,6,9,0,100.0%,
REF-SR680AV4-CBAB,盲插线缆总成,Signal & Cable,15,6,9,0,100.0%,
REF-SR680AV4-CBAC,CPU高功耗散热器,CPU & Thermal,30,13,17,0,100.0%,
REF-SR680AV4-CBAG,NVIDIA HGX B300 NVL8 1100W 8-GPU板,GPU & Accelerator,15,3,7,5,66.7%,
SIM-SR650V3-CPUTHERM-037,CPU散热器,CPU & Thermal,320,185,135,0,100.0%,69.375
SIM-SR650V3-SYSTEMBO-031,主板总成,System Boards & Management,160,54,106,0,100.0%,40.5
SIM-SR650V3-SYSTEMBO-032,前置I/O板,System Boards & Management,160,86,74,0,100.0%,64.5
SIM-SR650V3-SYSTEMBO-033,PDB电源分配板,System Boards & Management,160,71,89,0,100.0%,53.25
SIM-SR650V3-SYSTEMBO-034,XCC管理组件,System Boards & Management,160,94,66,0,100.0%,70.5
SIM-SR680AV4-SYSTEMBO-028,XCC3管理组件,System Boards & Management,15,6,9,0,100.0%,
SIM-SR680AV4-SYSTEMBO-030,前置I/O板,System Boards & Management,15,6,9,0,100.0%,
SIM-WA5680G5-CHASSISM-003,WA5680 G5 24SFF机箱,Chassis & Mechanical,26,14,12,0,100.0%,105
SIM-WA5680G5-COOLING-012,WA5680 G5主板8056风扇模块,Cooling,104,44,60,0,100.0%,82.5
SIM-WA5680G5-COOLING-013,GPU 风扇单元（5组，每组2个实体风扇）,Cooling,130,45,85,0,100.0%,67.5
SIM-WA5680G5-CPUTHERM-034,CPU五热管散热器,CPU & Thermal,52,22,30,0,100.0%,82.5
SIM-WA5680G5-STORAGE-008,2.5英寸 U.2 3.2TB混合型NVMe PCIe5热插拔SSD,Storage,208,83,125,0,100.0%,77.8125
SIM-WA5680G5-SYSTEMBO-026,WA5680 G5主板总成,System Boards & Management,26,12,14,0,100.0%,90
SIM-WA5680G5-SYSTEMBO-028,GPU电源分配板PDB,System Boards & Management,26,11,15,0,100.0%,82.5
SIM-WA5680G5-SYSTEMBO-031,前I/O板,System Boards & Management,26,11,15,0,100.0%,82.5
SIM-WR5220G5-CHASSISM-003,24×2.5英寸硬盘机箱,Chassis & Mechanical,107,43,64,0,100.0%,53.75
SIM-WR5220G5-CPUTHERM-033,CPU高TDP散热器组件,CPU & Thermal,214,122,92,0,100.0%,76.25
SIM-WR5220G5-STORAGE-007,8×2.5 NVMe PCIe5背板,Storage,107,36,71,0,100.0%,45
SIM-WR5220G5-SYSTEMBO-027,WR5220 G5主板总成,System Boards & Management,107,45,62,0,100.0%,56.25
SIM-WR5220G5-SYSTEMBO-029,PDB电源分配板,System Boards & Management,107,59,48,0,100.0%,73.75
SIM-WR5220G5-SYSTEMBO-030,前置I/O板,System Boards & Management,107,38,69,0,100.0%,47.5
